{
    "loss": 8.018155097961426,
    "accuracy": 0.48201438784599304
}